unix_ts	run_pid	mode	input_tokens	output_tokens	cache_read	cache_creation	num_turns	duration_ms	total_cost_usd	is_error
1780996195	1178079	wild	746	21772	2428491	56194	65	530750	1.5410658	False
1780999877	1194229	wild	3364	19804	2147292	75848	66	612106	2.0655444500000004	False
1781003423	1210614	wild	3642	19086	1745463	59833	55	498803	1.5349724000000002	False
